{
  "colors" : [
    {
      "color" : {
        "color-space" : "display-p3",
        "components" : {
          "alpha" : "1.000",
          "blue" : "0.922",
          "green" : "0.831",
          "red" : "0.655"
        }
      },
      "display-gamut" : "sRGB",
      "idiom" : "universal"
    },
    {
      "color" : {
        "color-space" : "srgb",
        "components" : {
          "alpha" : "1.000",
          "blue" : "0.922",
          "green" : "0.827",
          "red" : "0.612"
        }
      },
      "display-gamut" : "display-P3",
      "idiom" : "universal"
    }
  ],
  "info" : {
    "author" : "xcode",
    "version" : 1
  }
}
